date,store,sales
2023-12-01,store_3,0.43255859453722684
2023-12-01,store_5,0.887203419690154
2023-12-01,store_1,1.4172080032486762
2023-12-01,store_4,1.3051397420654272
2023-12-01,store_7,0.0960634593905006
2023-12-01,store_6,0.5675018090023982
2023-12-01,store_8,0.18126283132520687
2023-12-01,store_2,0.10170940665472086
2023-12-01,store_0,0.25154987171035414
2023-12-02,store_8,0.7524561307467734
2023-12-02,store_6,0.9816015799369368
2023-12-02,store_4,0.0
2023-12-02,store_3,0.0
2023-12-02,store_7,0.08002697195107217
2023-12-02,store_2,0.186290457065307
2023-12-02,store_5,0.6475767459843662
2023-12-02,store_1,0.9313819439609698
2023-12-02,store_0,0.6748241760465306
2023-12-03,store_8,0.0
2023-12-03,store_0,0.017825075449828028
2023-12-03,store_2,0.12757469437186592
2023-12-03,store_7,0.14742338528024898
2023-12-03,store_6,0.7648442108607035
2023-12-03,store_4,0.6380553378626677
2023-12-03,store_3,0.09146764966515468
2023-12-03,store_5,0.6825376897155251
2023-12-03,store_1,0.9450152023103715
2023-12-04,store_4,1.180638769857305
2023-12-04,store_2,1.9547225392181162
2023-12-04,store_7,4.249294810390517
2023-12-04,store_3,0.7033698844029319
2023-12-04,store_5,0.3403566807322416
2023-12-04,store_8,0.5605118702356536
2023-12-04,store_6,0.027395137826543615
2023-12-04,store_1,0.5193379457989189
2023-12-04,store_0,0.897044295201543
2023-12-05,store_2,1.3559890291196712
2023-12-05,store_8,1.1575010563019004
2023-12-05,store_3,0.0
2023-12-05,store_0,0.0
2023-12-05,store_4,0.0
2023-12-05,store_6,0.0
2023-12-05,store_5,0.419007594303727
2023-12-05,store_7,0.8999468899016899
2023-12-05,store_1,1.3238231649926873
2023-12-06,store_7,0.0
2023-12-06,store_0,0.0
2023-12-06,store_1,0.0
2023-12-06,store_3,0.0
2023-12-06,store_2,0.6446069439748499
2023-12-06,store_8,1.345621301894584
2023-12-06,store_6,1.521216914196642
2023-12-06,store_4,0.0
2023-12-06,store_5,0.0
2023-12-07,store_0,0.0
2023-12-07,store_5,0.15301149091967148
2023-12-07,store_4,0.8579910766097213
2023-12-07,store_8,1.4769848542064665
2023-12-07,store_1,1.8521116044285244
2023-12-07,store_6,0.0
2023-12-07,store_2,0.0
2023-12-07,store_7,0.0
2023-12-07,store_3,0.4384766137886583
2023-12-08,store_0,0.922239209354666
2023-12-08,store_2,1.4451232439363815
2023-12-08,store_7,1.7550353108009773
2023-12-08,store_1,0.10451012569323594
2023-12-08,store_5,0.08933494353058798
2023-12-08,store_8,0.26964336283893525
2023-12-08,store_3,0.4975206062714283
2023-12-08,store_6,0.7624122535615482
2023-12-08,store_4,1.3922511509877495
2023-12-09,store_3,1.7370754120912641
2023-12-09,store_5,0.0
2023-12-09,store_6,1.2434149757356283
2023-12-09,store_4,0.7018640723489383
2023-12-09,store_2,0.7072913331794843
2023-12-09,store_8,1.4535294909076792
2023-12-09,store_1,2.1821539238715726
2023-12-09,store_0,2.303334124133617
2023-12-09,store_7,0.36389806734538016
2023-12-10,store_3,0.6792917975656863
2023-12-10,store_5,0.6921990626545271
2023-12-10,store_6,0.6587258540843475
2023-12-10,store_2,1.5068061506698163
2023-12-10,store_0,2.288800155212974
2023-12-10,store_8,2.3112871300875617
2023-12-10,store_4,1.138755625204658
2023-12-10,store_7,0.8554489709149188
2023-12-10,store_1,1.1113224258733343
2023-12-11,store_5,1.0488820728877326
2023-12-11,store_1,1.7068252756621474
2023-12-11,store_3,2.258177579758402
2023-12-11,store_4,2.1616554863772572
2023-12-11,store_0,0.3647170340131107
2023-12-11,store_2,0.6948976241389588
2023-12-11,store_6,1.4498593787815788
2023-12-11,store_8,0.7764409500397329
2023-12-11,store_7,0.9551990155300824
2023-12-12,store_8,1.4640025544483721
2023-12-12,store_5,1.9416726248521858
2023-12-12,store_3,0.31951732928855703
2023-12-12,store_6,0.4474972233401059
2023-12-12,store_7,1.110050755142316
2023-12-12,store_4,0.7416790477245939
2023-12-12,store_1,1.0258817968906546
2023-12-12,store_2,0.801244336524735
2023-12-12,store_0,0.36288557611104055
2023-12-13,store_0,0.0
2023-12-13,store_3,0.0
2023-12-13,store_1,0.25172304084963193
2023-12-13,store_7,0.2742762368372138
2023-12-13,store_8,0.4564107784819121
2023-12-13,store_5,0.7511622313364842
2023-12-13,store_6,0.7684617570017471
2023-12-13,store_2,0.2966744465773391
2023-12-13,store_4,0.8020055604337568
2023-12-14,store_5,0.7229519642956372
2023-12-14,store_6,0.6318416360892457
2023-12-14,store_2,1.2404653785114634
2023-12-14,store_3,1.5777252670990964
2023-12-14,store_8,1.7665548505443218
2023-12-14,store_7,0.6367319855132605
2023-12-14,store_4,0.8541367453299508
2023-12-14,store_0,0.5002735901364032
2023-12-14,store_1,0.7692587794791454
2023-12-15,store_5,2.1756406617249806
2023-12-15,store_3,2.1367797964122115
2023-12-15,store_7,1.568558545321906
2023-12-15,store_0,1.1661753615805608
2023-12-15,store_2,0.2617248915721835
2023-12-15,store_6,0.38269018103490476
2023-12-15,store_8,0.8318466053166707
2023-12-15,store_1,1.0977832600027981
2023-12-15,store_4,1.7294247486956233
2023-12-16,store_3,1.8943854427192326
2023-12-16,store_5,0.5696680386289652
2023-12-16,store_1,0.46099092515672146
2023-12-16,store_4,0.41706011037012586
2023-12-16,store_6,0.13908643542671667
2023-12-16,store_7,1.3206312829620002
2023-12-16,store_0,1.0889128728646882
2023-12-16,store_8,1.8710340157661334
2023-12-16,store_2,0.41978169769469625
2023-12-17,store_3,0.5210598798682714
2023-12-17,store_1,0.4427112222904356
2023-12-17,store_2,0.8908330825384932
2023-12-17,store_5,1.4437144864827747
2023-12-17,store_7,1.8490620641554665
2023-12-17,store_0,1.1850899993338584
2023-12-17,store_8,0.8312855597663524
2023-12-17,store_6,0.7563325664388008
2023-12-17,store_4,0.4330279526675177
2023-12-18,store_3,0.9001449473243
2023-12-18,store_6,1.3999094735279927
2023-12-18,store_0,2.124342883776754
2023-12-18,store_4,2.0345606686186954
2023-12-18,store_5,0.21672831240371068
2023-12-18,store_2,0.2979382282468987
2023-12-18,store_7,0.5664074781898406
2023-12-18,store_8,0.463345224508911
2023-12-18,store_1,0.8192386060216417
2023-12-19,store_2,1.4016232525261811
2023-12-19,store_8,1.7165157698114044
2023-12-19,store_6,0.46005761104005644
2023-12-19,store_1,0.4673526785848611
2023-12-19,store_4,0.6069621186588273
2023-12-19,store_7,0.881105130742784
2023-12-19,store_5,1.3703574914637846
2023-12-19,store_3,1.3851507358674746
2023-12-19,store_0,0.6984120171767247
2023-12-20,store_2,0.18006052746029905
2023-12-20,store_7,0.21727490447196898
2023-12-20,store_8,0.5690009674474394
2023-12-20,store_5,0.2501489100697716
2023-12-20,store_1,0.2822146015592032
2023-12-20,store_6,1.1478527950061705
2023-12-20,store_4,0.5215719489937156
2023-12-20,store_0,0.5496681031251346
2023-12-20,store_3,0.2261770064932267
2023-12-21,store_7,0.22666694035275659
2023-12-21,store_3,0.09289343886125398
2023-12-21,store_5,1.010716676003207
2023-12-21,store_0,1.1206785670809536
2023-12-21,store_2,0.6704231383760352
2023-12-21,store_1,0.07237838303648055
2023-12-21,store_4,0.29514273061515767
2023-12-21,store_6,0.23635872440475628
2023-12-21,store_8,0.0
2023-12-22,store_7,0.7588299303867081
2023-12-22,store_8,1.1645134894147382
2023-12-22,store_3,0.8440810647754707
2023-12-22,store_5,0.0
2023-12-22,store_6,0.18800769283275773
2023-12-22,store_2,0.029642299112916364
2023-12-22,store_0,0.4379697284857225
2023-12-22,store_1,0.8331898524754516
2023-12-22,store_4,1.1640606192787926
2023-12-23,store_5,0.7660297773102548
2023-12-23,store_4,0.16269107669762214
2023-12-23,store_0,0.09497504400961225
2023-12-23,store_1,0.35988613720357515
2023-12-23,store_3,0.3424167679759873
2023-12-23,store_8,1.1290886498819095
2023-12-23,store_2,1.277070310741652
2023-12-23,store_7,0.6784488639561935
2023-12-23,store_6,0.0
2023-12-24,store_8,0.21219212750663302
2023-12-24,store_5,0.6865920626703986
2023-12-24,store_2,0.49148539151200193
2023-12-24,store_7,0.4164172342475487
2023-12-24,store_3,0.0707317308664532
2023-12-24,store_4,1.1663449850759309
2023-12-24,store_1,0.10482995198510685
2023-12-24,store_0,0.5180395556250414
2023-12-24,store_6,0.40645653026622236
2023-12-26,store_6,0.46558286626843814
2023-12-26,store_2,0.48254171248264305
2023-12-26,store_1,0.9229221693919177
2023-12-26,store_7,0.9505427293697919
2023-12-26,store_8,0.2322034358834504
2023-12-26,store_5,0.15819328505919408
2023-12-26,store_4,0.40780760854028353
2023-12-26,store_0,0.23934753774368703
2023-12-26,store_3,0.7077875630082322
2023-12-27,store_6,0.0
2023-12-27,store_8,0.3401162557408511
2023-12-27,store_3,0.015920383618174567
2023-12-27,store_1,0.3369960774905737
2023-12-27,store_4,0.287576918694991
2023-12-27,store_5,0.5233960428699642
2023-12-27,store_7,0.6810662375166551
2023-12-27,store_2,0.9776627425620104
2023-12-27,store_0,1.1453827414040993
2023-12-28,store_5,0.12672680869730074
2023-12-28,store_1,0.6512593243354404
2023-12-28,store_3,0.502595174315279
2023-12-28,store_0,0.562832003807469
2023-12-28,store_2,1.0159739217225772
2023-12-28,store_8,1.4136408348669132
2023-12-28,store_4,1.3887357454479605
2023-12-28,store_6,0.40043281206460396
2023-12-28,store_7,0.4588006018775489
2023-12-29,store_3,0.48309622169351873
2023-12-29,store_4,0.1744259244673326
2023-12-29,store_6,0.5193376736582505
2023-12-29,store_8,1.386907056254734
2023-12-29,store_5,1.1111101380299824
2023-12-29,store_7,0.3778923469114463
2023-12-29,store_0,0.3088266441893102
2023-12-29,store_1,0.25349116043728853
2023-12-29,store_2,0.5925533430857844
2023-12-30,store_6,0.9639713829499524
2023-12-30,store_1,1.2628396464211458
2023-12-30,store_4,0.9915136451696565
2023-12-30,store_8,0.18811697295583854
2023-12-30,store_2,0.32487090142981295
2023-12-30,store_7,0.07956221651793012
2023-12-30,store_0,0.1996302158035036
2023-12-30,store_5,0.7892399874655762
2023-12-30,store_3,0.5634955857707019
2023-12-31,store_0,0.3143682331072091
2023-12-31,store_4,0.0
2023-12-31,store_6,0.009314590842632855
2023-12-31,store_5,0.0
2023-12-31,store_1,0.25444315782619775
2023-12-31,store_8,0.6478889025555954
2023-12-31,store_2,0.8833772419404895
2023-12-31,store_3,0.9389658254030406
2023-12-31,store_7,0.15490731835001442
2024-01-01,store_6,0.12672212537443678
2024-01-01,store_4,0.5163035410508566
2024-01-01,store_5,0.6525127956265789
2024-01-01,store_0,1.158897077326382
2024-01-01,store_8,1.484485554312181
2024-01-01,store_7,1.1850962477074798
2024-01-01,store_3,0.16297258063686515
2024-01-01,store_1,0.16062027115759395
2024-01-01,store_2,0.3475805486761527
2024-01-02,store_6,0.35945589347382106
2024-01-02,store_8,1.2693405547636896
2024-01-02,store_5,1.2896828976582835
2024-01-02,store_0,1.1494434743227566
2024-01-02,store_4,0.1518431746526435
2024-01-02,store_3,0.0
2024-01-02,store_7,0.13754268178760365
2024-01-02,store_2,0.4748874546503946
2024-01-02,store_1,0.7196395613146871
2024-01-03,store_8,0.9743209719465444
2024-01-03,store_2,1.087239637534261
2024-01-03,store_7,0.16432944958084778
2024-01-03,store_5,0.4089786413159367
2024-01-03,store_4,0.5321199607473798
2024-01-03,store_6,0.4707311164879611
2024-01-03,store_3,1.1625819102428934
2024-01-03,store_0,1.623556023918585
2024-01-03,store_1,1.459394951450367
2024-01-04,store_7,0.16447179948694926
2024-01-04,store_5,0.18420506134795578
2024-01-04,store_0,0.27346112746169543
2024-01-04,store_6,0.24468192327205912
2024-01-04,store_1,0.8758565057376279
2024-01-04,store_3,2.0102645885490813
2024-01-04,store_8,1.4486430022779115
2024-01-04,store_4,0.13342784683012893
2024-01-04,store_2,0.6811791151048919
2024-01-05,store_4,0.7521402704354562
2024-01-05,store_7,0.24690646349325995
2024-01-05,store_5,0.991230014054765
2024-01-05,store_1,1.6737260420815612
2024-01-05,store_3,1.5980748322506877
2024-01-05,store_2,0.0337421939105149
2024-01-05,store_6,0.27322111181682485
2024-01-05,store_8,0.4121514787686413
2024-01-05,store_0,0.41656473678036243
2024-01-06,store_6,0.8892464274599375
2024-01-06,store_4,1.4160101400416383
2024-01-06,store_7,1.8047525127600095
2024-01-06,store_5,0.08250976754722836
2024-01-06,store_0,0.4118091782638825
2024-01-06,store_3,0.6600354539457819
2024-01-06,store_8,0.3425642014939505
2024-01-06,store_2,0.7853379323239522
2024-01-06,store_1,1.3036375764525192
2024-01-07,store_4,1.2586460385311347
2024-01-07,store_7,0.0
2024-01-07,store_5,0.16828380237722268
2024-01-07,store_1,0.44684647228774693
2024-01-07,store_2,0.4806031598293603
2024-01-07,store_3,0.7490906567145169
2024-01-07,store_8,0.6614133797459569
2024-01-07,store_0,0.4651914443379325
2024-01-07,store_6,0.1839241070494886
2024-01-08,store_5,0.5604786375649663
2024-01-08,store_1,0.5101130900973783
2024-01-08,store_8,0.4325800655625026
2024-01-08,store_3,1.1351683138205102
2024-01-08,store_6,1.2398970941244947
2024-01-08,store_0,0.8836862213361698
2024-01-08,store_4,0.010998186207976468
2024-01-08,store_2,0.012861423956855106
2024-01-08,store_7,0.3552090106475424
2024-01-09,store_3,0.2807358232354846
2024-01-09,store_2,0.8987444028564165
2024-01-09,store_8,1.343753795656108
2024-01-09,store_6,1.3738447236379443
2024-01-09,store_4,0.0
2024-01-09,store_7,0.0
2024-01-09,store_1,0.02414356638248136
2024-01-09,store_5,0.2872639217542682
2024-01-09,store_0,0.8682878890692965
2024-01-10,store_8,1.0943989882741894
2024-01-10,store_2,1.0230976942651107
2024-01-10,store_4,0.0
2024-01-10,store_3,0.0
2024-01-10,store_1,0.057425770661941426
2024-01-10,store_5,0.12976680629657378
2024-01-10,store_7,0.8370598066213573
2024-01-10,store_6,0.8813819342481078
2024-01-10,store_0,1.1585747245324904
2024-01-11,store_5,0.0
2024-01-11,store_0,0.0
2024-01-11,store_4,0.0
2024-01-11,store_1,0.13354274215319212
2024-01-11,store_2,0.48833176067351336
2024-01-11,store_3,0.6517443559700276
2024-01-11,store_7,0.5070170494947684
2024-01-11,store_6,0.0
2024-01-11,store_8,0.0
2024-01-12,store_0,0.2247672150214078
2024-01-12,store_3,0.0722024682430286
2024-01-12,store_5,0.2440490160995452
2024-01-12,store_8,0.5328946196012838
2024-01-12,store_2,0.1883195155350134
2024-01-12,store_7,0.0
2024-01-12,store_4,0.0
2024-01-12,store_1,0.0
2024-01-12,store_6,0.019975260058518504
2024-01-13,store_6,0.13569274898203307
2024-01-13,store_7,0.3302360335161514
2024-01-13,store_5,0.14569043405212284
2024-01-13,store_1,0.0
2024-01-13,store_2,0.0
2024-01-13,store_4,0.0
2024-01-13,store_8,0.0
2024-01-13,store_0,0.2950835546271015
2024-01-13,store_3,0.0
2024-01-14,store_0,0.0
2024-01-14,store_8,0.24200638793930815
2024-01-14,store_3,0.31285665032894616
2024-01-14,store_1,0.34232933006209676
2024-01-14,store_4,0.795301488903478
2024-01-14,store_6,0.7278390833662675
2024-01-14,store_2,1.1024682269428736
2024-01-14,store_5,0.3268542963913432
2024-01-14,store_7,0.0
2024-01-15,store_3,0.0
2024-01-15,store_1,0.036155497932571876
2024-01-15,store_4,0.1307231021290965
2024-01-15,store_2,0.5821760199668287
2024-01-15,store_0,0.225556812404775
2024-01-15,store_8,0.0
2024-01-15,store_7,0.0
2024-01-15,store_5,0.0
2024-01-15,store_6,0.0
2024-01-16,store_6,0.23963031783326116
2024-01-16,store_8,0.48793958693619827
2024-01-16,store_0,0.410126240697285
2024-01-16,store_7,0.0
2024-01-16,store_4,0.0
2024-01-16,store_3,0.0
2024-01-16,store_5,0.0
2024-01-16,store_1,0.4429114604605797
2024-01-16,store_2,0.6987769020502063
2024-01-17,store_3,0.4045980104425411
2024-01-17,store_8,0.0
2024-01-17,store_6,0.12931370857604627
2024-01-17,store_4,0.025843267276175617
2024-01-17,store_0,0.10388187213896707
2024-01-17,store_7,0.13247218118734963
2024-01-17,store_1,0.8294261693039462
2024-01-17,store_2,0.5987639397716229
2024-01-17,store_5,0.0467649738165601
2024-01-18,store_8,0.03143242183665398
2024-01-18,store_0,0.05561392256841356
2024-01-18,store_7,0.23152952934216112
2024-01-18,store_5,0.2831857936011046
2024-01-18,store_3,0.33040505864159614
2024-01-18,store_2,0.2906709085661713
2024-01-18,store_6,0.0
2024-01-18,store_4,0.0
2024-01-18,store_1,0.07362706310997078
2024-01-19,store_3,0.4970246829619777
2024-01-19,store_5,0.64180910673985
2024-01-19,store_7,0.8348114566162113
2024-01-19,store_1,0.374786080817401
2024-01-19,store_0,0.7267303443680202
2024-01-19,store_8,0.9953542593567026
2024-01-19,store_6,0.38228084881801433
2024-01-19,store_2,0.07357904418688704
2024-01-19,store_4,0.3121276815876404
2024-01-20,store_3,0.5646226248963969
2024-01-20,store_7,0.363811819222178
2024-01-20,store_5,0.0
2024-01-20,store_4,0.057027826743643296
2024-01-20,store_2,0.0662311100021633
2024-01-20,store_8,0.037960604019660706
2024-01-20,store_6,0.36329200364325315
2024-01-20,store_0,0.7035976099469522
2024-01-20,store_1,0.4291807206272657
2024-01-21,store_3,0.03910773484467566
2024-01-21,store_5,0.09995283563138427
2024-01-21,store_6,0.28625508980782177
2024-01-21,store_2,0.31783948241370563
2024-01-21,store_7,0.3163958265418339
2024-01-21,store_0,0.6600189730918916
2024-01-21,store_4,0.4591586452680241
2024-01-21,store_1,0.1374744965978729
2024-01-21,store_8,0.30405665535044585
2024-01-22,store_2,0.1887009821675451
2024-01-22,store_6,0.5568141088280435
2024-01-22,store_1,0.8927979707801333
2024-01-22,store_0,0.6549051044169855
2024-01-22,store_5,0.3932364018083058
2024-01-22,store_7,0.01616556651628644
2024-01-22,store_4,0.2221930635683884
2024-01-22,store_8,0.2678356734248942
2024-01-22,store_3,0.22275259869253614
2024-01-23,store_2,0.40076537160069625
2024-01-23,store_8,0.4998406090660406
2024-01-23,store_7,0.6097225539831709
2024-01-23,store_1,0.323784103808394
2024-01-23,store_4,0.16158874217841804
2024-01-23,store_3,0.17900217611381458
2024-01-23,store_5,0.2232498499582382
2024-01-23,store_6,0.3183687037145259
2024-01-23,store_0,0.5775428911017669
2024-01-24,store_6,0.2852430650255735
2024-01-24,store_1,0.047668725964449474
2024-01-24,store_2,0.14824270380122792
2024-01-24,store_0,0.19752243622355503
2024-01-24,store_8,0.5352806329139687
2024-01-24,store_7,0.5589566147860456
2024-01-24,store_4,0.7043417611030015
2024-01-24,store_5,0.4289950147420288
2024-01-24,store_3,0.3515024329316903
2024-01-25,store_0,0.14218260540410532
2024-01-25,store_5,0.0
2024-01-25,store_3,0.171526784670555
2024-01-25,store_1,0.364510359886351
2024-01-25,store_6,0.3778352260434165
2024-01-25,store_2,0.18456188228259235
2024-01-25,store_4,0.0
2024-01-25,store_8,0.047057944578212815
2024-01-25,store_7,0.17308006031612658
2024-01-26,store_8,0.16176122225711867
2024-01-26,store_5,0.35947744209400206
2024-01-26,store_2,0.3087057998670142
2024-01-26,store_4,0.3906995090670748
2024-01-26,store_1,0.0
2024-01-26,store_3,0.04924042111122538
2024-01-26,store_0,0.13416286673239203
2024-01-26,store_7,0.21649612535574111
2024-01-26,store_6,0.1997964068737302
2024-01-27,store_7,0.6263188263990699
2024-01-27,store_4,0.4724702420137578
2024-01-27,store_8,0.15411275226907584
2024-01-27,store_0,0.19894486053723848
2024-01-27,store_5,0.04799817243259994
2024-01-27,store_1,0.27927974027286556
2024-01-27,store_6,0.5161134581286265
2024-01-27,store_3,0.51895361662508
2024-01-27,store_2,0.22209304737154406
2024-01-28,store_8,0.09001407328419887
2024-01-28,store_6,0.0
2024-01-28,store_2,0.46052554142097835
2024-01-28,store_7,0.09145084098141043
2024-01-28,store_4,0.2771852059057776
2024-01-28,store_3,0.6027841454004527
2024-01-28,store_1,0.33399412036685816
2024-01-28,store_0,0.20189080774850032
2024-01-28,store_5,0.11356986791577617
2024-01-29,store_6,0.18578878851454442
2024-01-29,store_1,0.6452002384734832
2024-01-29,store_2,0.2603025754342794
2024-01-29,store_0,0.6527193222613665
2024-01-29,store_3,0.14157271965687884
2024-01-29,store_4,0.0027549078959616187
2024-01-29,store_8,0.0
2024-01-29,store_7,0.0
2024-01-29,store_5,0.05859569753741339
2024-01-30,store_5,0.28911673494924234
2024-01-30,store_3,0.7082118839119926
2024-01-30,store_8,0.34098703730278984
2024-01-30,store_2,0.588603826718083
2024-01-30,store_1,0.2847237947583457
2024-01-30,store_4,0.0892833207542411
2024-01-30,store_0,0.10063213764996944
2024-01-30,store_7,0.36170830992338726
2024-01-30,store_6,0.4044720442673983
2024-01-31,store_3,0.17875722418376522
2024-01-31,store_6,0.09580130380444514
2024-01-31,store_1,0.23459428843945504
2024-01-31,store_2,0.17766730396687072
2024-01-31,store_8,0.19398322458714862
2024-01-31,store_4,0.3730905424062026
2024-01-31,store_7,0.8041064212276823
2024-01-31,store_5,0.9540679589991728
2024-01-31,store_0,0.9421029883315896
2024-02-01,store_7,0.8650367167727576
2024-02-01,store_8,0.9966928948645237
2024-02-01,store_1,1.4412447557419794
2024-02-01,store_5,1.8961440543741257
2024-02-01,store_6,0.9072873220620563
2024-02-01,store_3,0.7541962812312634
2024-02-01,store_0,0.5515032356696236
2024-02-01,store_2,0.649133138128201
2024-02-01,store_4,0.8592092934144148
2024-02-02,store_1,1.3431680193467184
2024-02-02,store_0,1.65630120064212
2024-02-02,store_4,0.8156463682205977
2024-02-02,store_2,0.908652436311158
2024-02-02,store_3,1.0650521681481586
2024-02-02,store_8,1.1160222193686158
2024-02-02,store_5,1.4396484007357353
2024-02-02,store_7,2.1071042709916386
2024-02-02,store_6,2.062579374552458
2024-02-03,store_7,1.360568449105376
2024-02-03,store_4,0.7984636076895383
2024-02-03,store_8,1.1936838918799604
2024-02-03,store_5,1.3012653613572676
2024-02-03,store_2,2.1757717695568584
2024-02-03,store_1,2.4363742046451944
2024-02-03,store_0,2.229192502869094
2024-02-03,store_6,1.3435775908184922
2024-02-03,store_3,1.2784094090581497
2024-02-04,store_2,1.3263915415067722
2024-02-04,store_3,0.7980537583463709
2024-02-04,store_0,1.0652477474087212
2024-02-04,store_4,1.948126318527377
2024-02-04,store_6,1.9797615231972763
2024-02-04,store_8,1.081244467879669
2024-02-04,store_1,1.3002441367824895
2024-02-04,store_7,0.8005245314065106
2024-02-04,store_5,0.34647972335046184
2024-02-05,store_2,0.9047563821107256
2024-02-05,store_1,1.7806909070212857
2024-02-05,store_7,2.144441591601782
2024-02-05,store_6,0.8442421941095326
2024-02-05,store_0,0.6908954436689431
2024-02-05,store_5,0.6066391133142741
2024-02-05,store_8,0.6150455259837512
2024-02-05,store_3,1.9069023287564757
2024-02-05,store_4,2.3686276827663275
2024-02-06,store_7,2.2741645906582186
2024-02-06,store_1,1.0285927954236236
2024-02-06,store_0,0.7946910383095156
2024-02-06,store_4,0.9293657861260729
2024-02-06,store_8,0.9300625044162094
2024-02-06,store_3,2.0543424668972925
2024-02-06,store_5,2.4692079501819575
2024-02-06,store_2,1.5725543198746013
2024-02-06,store_6,0.8036234754087562
2024-02-07,store_4,1.040740206386525
2024-02-07,store_0,1.1117213219361985
2024-02-07,store_3,1.462604870088949
2024-02-07,store_5,1.949484828268171
2024-02-07,store_2,2.068938879888904
2024-02-07,store_6,1.9679220021065864
2024-02-07,store_8,0.800191756949547
2024-02-07,store_1,0.43855092242057003
2024-02-07,store_7,0.9220871533460445
2024-02-08,store_1,0.8545434868043326
2024-02-08,store_8,1.3827288674216343
2024-02-08,store_3,1.7780729723105886
2024-02-08,store_0,2.2722667645872097
2024-02-08,store_2,0.7434951593702459
2024-02-08,store_7,0.9244575282377534
2024-02-08,store_6,0.9661001935631707
2024-02-08,store_5,0.7154380313557946
2024-02-08,store_4,0.8877158617990988
2024-02-09,store_4,1.752462150618979
2024-02-09,store_0,0.32118932027339736
2024-02-09,store_2,0.0
2024-02-09,store_5,0.7841501402568822
2024-02-09,store_1,0.5791567577932488
2024-02-09,store_8,0.706736689356186
2024-02-09,store_7,0.9138040658757532
2024-02-09,store_6,1.841339802543273
2024-02-09,store_3,1.8406807372920935
2024-02-10,store_0,0.46799219697212874
2024-02-10,store_1,0.0
2024-02-10,store_5,0.0
2024-02-10,store_8,0.3276791117693411
2024-02-10,store_4,1.603542252330568
2024-02-10,store_3,0.5092703043862676
2024-02-10,store_2,1.4055273350135824
2024-02-10,store_7,0.6774317951993728
2024-02-10,store_6,0.8311092236257113
2024-02-11,store_4,0.7654139035099538
2024-02-11,store_6,0.665205385515533
2024-02-11,store_2,1.3785132957649509
2024-02-11,store_0,2.4100599922016364
2024-02-11,store_5,2.1030486012425524
2024-02-11,store_8,0.6875327791757175
2024-02-11,store_3,0.5125977613645575
2024-02-11,store_1,0.5303577662458675
2024-02-11,store_7,0.657346103598753
2024-02-12,store_7,1.7886095025686184
2024-02-12,store_1,1.7968611677540083
2024-02-12,store_2,2.3468453365648503
2024-02-12,store_8,0.11542054152551304
2024-02-12,store_4,0.34941380177596265
2024-02-12,store_3,0.26740665330596847
2024-02-12,store_5,0.5345606261680443
2024-02-12,store_0,0.5794459987361222
2024-02-12,store_6,2.0370827807878324
2024-02-13,store_6,1.8432318369394618
2024-02-13,store_5,0.29189109821777176
2024-02-13,store_0,0.17210224853673928
2024-02-13,store_2,0.2627975333459328
2024-02-13,store_8,0.45606842531549724
2024-02-13,store_4,1.098620896101439
2024-02-13,store_7,1.5167138268400095
2024-02-13,store_3,2.0097135808756845
2024-02-13,store_1,0.22130291910741318
2024-02-14,store_0,0.06303731567965287
2024-02-14,store_3,0.18805112571114843
2024-02-14,store_5,0.6469168786436478
2024-02-14,store_7,0.8976269381399805
2024-02-14,store_8,1.5812800984178466
2024-02-14,store_4,1.6663281435855095
2024-02-14,store_2,0.0
2024-02-14,store_1,0.01543682988254806
2024-02-14,store_6,0.025249953951462005
2024-02-15,store_3,0.23708843098988294
2024-02-15,store_1,0.4261313343500383
2024-02-15,store_4,1.6136790304812283
2024-02-15,store_7,1.8366137395617539
2024-02-15,store_6,0.0
2024-02-15,store_8,0.10021927732772515
2024-02-15,store_0,0.07444474019008931
2024-02-15,store_2,0.29712741087567984
2024-02-15,store_5,0.6050985804200261
2024-02-16,store_5,1.8390225335808803
2024-02-16,store_8,1.5512713249740349
2024-02-16,store_6,0.16451363236585884
2024-02-16,store_3,0.0
2024-02-16,store_0,0.22429630762718397
2024-02-16,store_2,0.1744488434860876
2024-02-16,store_1,0.05429456818865442
2024-02-16,store_7,0.26640088281415497
2024-02-16,store_4,0.16959653338846134
2024-02-17,store_1,0.6316321536613043
2024-02-17,store_5,1.2189646755086625
2024-02-17,store_0,3.9835072203816138
2024-02-17,store_6,0.5484999296142148
2024-02-17,store_3,1.3294378449135928
2024-02-17,store_2,0.19078967792152657
2024-02-17,store_4,0.21040980401039425
2024-02-17,store_8,0.3252090463264718
2024-02-17,store_7,0.5071783303421572
2024-02-18,store_3,0.6628383936685108
2024-02-18,store_6,2.105889186987588
2024-02-18,store_1,2.2672355383482983
2024-02-18,store_7,0.09718391411842407
2024-02-18,store_5,0.04765814053809345
2024-02-18,store_0,0.10888530749229389
2024-02-18,store_4,0.2390350600511274
2024-02-18,store_8,0.9449264303146275
2024-02-18,store_2,2.0533030312542406
2024-02-19,store_2,2.024258008651898
2024-02-19,store_1,0.19591288328402093
2024-02-19,store_3,0.35967552819947335
2024-02-19,store_4,0.3379675866654267
2024-02-19,store_0,0.6344027776147619
2024-02-19,store_7,0.9400326918669224
2024-02-19,store_6,2.3184934371261234
2024-02-19,store_8,2.1606014628402153
2024-02-19,store_5,0.10927285482280148
2024-02-20,store_5,0.3969753369266865
2024-02-20,store_3,0.35551750224872036
2024-02-20,store_2,0.35362004559447924
2024-02-20,store_8,1.1529130254928996
2024-02-20,store_6,1.7662705871611368
2024-02-20,store_1,1.983701014953562
2024-02-20,store_4,0.19475581137515965
2024-02-20,store_7,0.0
2024-02-20,store_0,0.0
2024-02-21,store_5,0.0
2024-02-21,store_4,0.45383074849054256
2024-02-21,store_7,1.060392696583244
2024-02-21,store_8,0.6696576213589334
2024-02-21,store_2,0.0
2024-02-21,store_6,0.0
2024-02-21,store_1,0.015103259957011568
2024-02-21,store_0,0.06556700807582999
2024-02-21,store_3,0.8956191495590087
2024-02-22,store_0,1.117765424143296
2024-02-22,store_2,1.7810402575982156
2024-02-22,store_6,0.44852963050302264
2024-02-22,store_7,0.3476132532164329
2024-02-22,store_1,0.029562891438606527
2024-02-22,store_5,0.05746957634060009
2024-02-22,store_3,0.41593408802770604
2024-02-22,store_8,1.5559583615600638
2024-02-22,store_4,1.8160120951480152
2024-02-23,store_8,0.0
2024-02-23,store_5,0.09735038190402681
2024-02-23,store_1,0.21611225265034487
2024-02-23,store_7,0.13397744953263482
2024-02-23,store_0,0.6448160586082001
2024-02-23,store_2,1.8027982936888107
2024-02-23,store_3,1.8361659277747133
2024-02-23,store_4,0.3588532640972205
2024-02-23,store_6,0.8567074569186788
2024-02-24,store_6,0.6070487291351749
2024-02-24,store_5,0.5614587140925806
2024-02-24,store_7,1.4506240802706976
2024-02-24,store_8,2.6745051843917342
2024-02-24,store_2,2.50266489988561
2024-02-24,store_4,0.6547760595301532
2024-02-24,store_3,1.9540591590161531
2024-02-24,store_0,0.48059545743965315
2024-02-24,store_1,0.6144218222344018
2024-02-25,store_5,0.9203799448126533
2024-02-25,store_8,1.5952192241615542
2024-02-25,store_4,1.859708107620164
2024-02-25,store_6,1.1261935849355804
2024-02-25,store_1,1.0838200869915262
2024-02-25,store_2,0.6637065044215028
2024-02-25,store_3,0.31734967811481973
2024-02-25,store_0,1.161548987601307
2024-02-25,store_7,1.9725733271640442
2024-02-26,store_3,1.9015868363090462
2024-02-26,store_7,0.6222828173334876
2024-02-26,store_8,0.41223373682221587
2024-02-26,store_1,0.5670662823474795
2024-02-26,store_0,0.6043132292131753
2024-02-26,store_2,1.428756431177008
2024-02-26,store_4,2.2191140467881167
2024-02-26,store_6,1.2275890974216963
2024-02-26,store_5,0.3325055020434575
2024-02-27,store_8,0.5514590292750191
2024-02-27,store_4,0.6351207788438988
2024-02-27,store_0,0.9760784585279624
2024-02-27,store_3,1.5370347665325235
2024-02-27,store_1,2.556341218108454
2024-02-27,store_7,2.6646814709764635
2024-02-27,store_6,0.4464875833952906
2024-02-27,store_2,0.6800047271428278
2024-02-27,store_5,0.5120370968447463
2024-02-28,store_6,0.9865524641916419
2024-02-28,store_7,1.315447414553944
2024-02-28,store_8,2.1788963109896815
2024-02-28,store_2,2.5265468720386903
2024-02-28,store_0,0.634766627938943
2024-02-28,store_4,0.7032883839208125
2024-02-28,store_5,0.9019982468188869
2024-02-28,store_1,1.205614311137865
2024-02-28,store_3,2.0351636205453114
2024-02-29,store_2,1.9795884109291024
2024-02-29,store_6,1.3809273976600165
2024-02-29,store_0,0.511104111304697
2024-02-29,store_3,0.45818933084635444
2024-02-29,store_7,0.4597242234772212
2024-02-29,store_4,0.7456852468743506
2024-02-29,store_5,1.4866446480566728
2024-02-29,store_1,1.318219827001654
2024-02-29,store_8,1.9762794330268127
2024-03-01,store_4,0.2252856637565347
2024-03-01,store_2,0.4617953940357812
2024-03-01,store_1,0.5984115032615757
2024-03-01,store_5,0.782599184741849
2024-03-01,store_3,1.1682425706060273
2024-03-01,store_6,2.2499204447054697
2024-03-01,store_0,2.4729347133543826
2024-03-01,store_8,0.7724348265426545
2024-03-01,store_7,0.5617641265464661
2024-03-02,store_8,0.8650424354060595
2024-03-02,store_0,0.7479516885671276
2024-03-02,store_2,1.2204165900266242
2024-03-02,store_5,1.3409054644890706
2024-03-02,store_4,1.1544389864993763
2024-03-02,store_7,0.0774750289574878
2024-03-02,store_1,0.3038574037776051
2024-03-02,store_6,0.3041368475487014
2024-03-02,store_3,0.2296640259128297
2024-03-03,store_4,1.1977167718225081
2024-03-03,store_5,2.114491274396925
2024-03-03,store_1,0.9226354210725017
2024-03-03,store_3,0.549540514605099
2024-03-03,store_2,0.4698531112937798
2024-03-03,store_0,0.49054756193444204
2024-03-03,store_7,0.0
2024-03-03,store_8,0.9522396132296346
2024-03-03,store_6,1.9902836411353633
2024-03-04,store_3,2.5486000382452754
2024-03-04,store_2,0.5513278848879749
2024-03-04,store_0,0.4916429065201257
2024-03-04,store_4,0.1930385388454539
2024-03-04,store_8,1.721434374815597
2024-03-04,store_1,1.5934189670049486
2024-03-04,store_7,2.1472018362260332
2024-03-04,store_5,2.351946987258994
2024-03-04,store_6,0.6718527108546688
2024-03-05,store_6,0.9010931160090003
2024-03-05,store_3,0.610958356229684
2024-03-05,store_4,0.04055640432867779
2024-03-05,store_5,0.0
2024-03-05,store_7,0.0
2024-03-05,store_0,0.0
2024-03-05,store_8,0.0
2024-03-05,store_2,0.0
2024-03-05,store_1,0.0
2024-03-06,store_0,0.0
2024-03-06,store_7,0.0
2024-03-06,store_8,0.0
2024-03-06,store_6,0.0
2024-03-06,store_5,0.0
2024-03-06,store_4,0.0
2024-03-06,store_3,0.0
2024-03-06,store_2,0.0
2024-03-06,store_1,0.0
2024-03-07,store_5,0.0
2024-03-07,store_2,0.0
2024-03-07,store_3,0.0
2024-03-07,store_6,0.0
2024-03-07,store_8,0.0
2024-03-07,store_4,0.0
2024-03-07,store_7,0.0
2024-03-07,store_1,0.0
2024-03-07,store_0,0.0
2024-03-08,store_0,0.0
2024-03-08,store_6,0.0
2024-03-08,store_3,0.0
2024-03-08,store_8,0.0
2024-03-08,store_4,0.0
2024-03-08,store_7,0.7153183926863811
2024-03-08,store_1,0.38871569208660856
2024-03-08,store_5,0.0
2024-03-08,store_2,0.0
2024-03-09,store_8,0.03638544568902217
2024-03-09,store_0,0.0
2024-03-09,store_5,1.149398797463562
2024-03-09,store_1,1.4851551088845139
2024-03-09,store_6,0.7540540678351361
2024-03-09,store_3,0.0559587829328517
2024-03-09,store_4,0.04953073205627396
2024-03-09,store_7,0.044807754967983095
2024-03-09,store_2,0.23781212163258886
2024-03-10,store_5,1.1385897465760433
2024-03-10,store_6,1.5633305040145027
2024-03-10,store_3,0.7491287064624098
2024-03-10,store_1,0.0
2024-03-10,store_7,0.0
2024-03-10,store_0,0.0
2024-03-10,store_8,0.0
2024-03-10,store_2,0.19808181072489348
2024-03-10,store_4,1.119819239342517
2024-03-11,store_4,0.43782022577878177
2024-03-11,store_7,0.0
2024-03-11,store_6,0.0
2024-03-11,store_5,0.06320737660812553
2024-03-11,store_0,0.28349204656540705
2024-03-11,store_8,0.4779885658605418
2024-03-11,store_3,0.5734432494001145
2024-03-11,store_2,0.2131575065534522
2024-03-11,store_1,0.02890294401819863
2024-03-12,store_1,0.0
2024-03-12,store_5,0.0
2024-03-12,store_3,0.047524411960955554
2024-03-12,store_0,1.3120698655758591
2024-03-12,store_7,0.955280425326219
2024-03-12,store_2,0.16908200958949943
2024-03-12,store_8,0.04720017357975759
2024-03-12,store_6,0.0
2024-03-12,store_4,0.00894115284336587
2024-03-13,store_5,0.3191717871657283
2024-03-13,store_7,0.9619427022708216
2024-03-13,store_1,0.41035019388789706
2024-03-13,store_2,0.0
2024-03-13,store_0,0.0
2024-03-13,store_4,0.0
2024-03-13,store_8,0.0
2024-03-13,store_6,0.35170313135241793
2024-03-13,store_3,1.1710340796579413
2024-03-14,store_4,0.9079054849273194
2024-03-14,store_1,0.0
2024-03-14,store_2,0.08852811441048304
2024-03-14,store_8,0.0
2024-03-14,store_5,0.19189865469941852
2024-03-14,store_7,0.5559869986075627
2024-03-14,store_0,1.476523989526422
2024-03-14,store_6,1.7405849658875512
2024-03-14,store_3,0.13380754686840413
2024-03-15,store_8,0.2821166673488724
2024-03-15,store_2,0.32351232788353745
2024-03-15,store_0,0.0
2024-03-15,store_7,0.7119419251379044
2024-03-15,store_1,1.4171272191942346
2024-03-15,store_3,0.8682326178284351
2024-03-15,store_5,0.12363439504206791
2024-03-15,store_6,0.09482224858041871
2024-03-15,store_4,0.29154710749137297
2024-03-16,store_3,0.16700088424740406
2024-03-16,store_8,0.3222434934358399
2024-03-16,store_5,1.229000350298203
2024-03-16,store_2,1.547077976725951
2024-03-16,store_4,0.0
2024-03-16,store_6,0.24836868259810313
2024-03-16,store_0,0.2153248325940035
2024-03-16,store_7,0.032266559596498726
2024-03-16,store_1,0.5902022665752774
2024-03-17,store_1,1.5134428627284007
2024-03-17,store_6,1.9747932040070206
2024-03-17,store_4,0.21017026078638848
2024-03-17,store_7,0.21838067377139714
2024-03-17,store_8,0.1271321502398505
2024-03-17,store_0,0.10418141300377022
2024-03-17,store_3,0.6305805160955017
2024-03-17,store_2,1.6638534682448658
2024-03-17,store_5,1.9332868713413538
2024-03-18,store_7,0.3700781524917891
2024-03-18,store_3,0.27186554909723337
2024-03-18,store_2,0.35571829267828864
2024-03-18,store_8,0.4809896058864874
2024-03-18,store_5,0.798999012562742
2024-03-18,store_1,1.8735871023475112
2024-03-18,store_4,2.108259934703743
2024-03-19,store_7,1.3982523024914852
2024-03-19,store_1,0.3718673438811699
2024-03-19,store_6,0.0383383736848948
2024-03-19,store_4,0.5333981471926588
2024-03-19,store_5,0.8902726683364405
2024-03-19,store_0,2.0094549721593022
2024-03-19,store_8,1.9062609500288226
2024-03-19,store_3,0.26675604154183974
2024-03-19,store_2,0.522150741038228
2024-03-20,store_6,0.6824075929431606
2024-03-20,store_0,0.7365734131982875
2024-03-20,store_5,1.0533212665428824
2024-03-20,store_2,1.8253548442766616
2024-03-20,store_8,1.4550437904494695
2024-03-20,store_4,0.11457747841345976
2024-03-20,store_1,0.07310908764186153
2024-03-20,store_3,0.5807464762762294
2024-03-20,store_7,0.551702411107227
2024-03-21,store_5,0.5034058825497739
2024-03-21,store_3,1.281895883564883
2024-03-21,store_0,1.6198789265655702
2024-03-21,store_2,0.0
2024-03-21,store_8,0.3733818332896298
2024-03-21,store_4,0.1809049228206186
2024-03-21,store_7,0.3073398782358998
2024-03-21,store_1,0.47387112373965595
2024-03-21,store_6,0.8303882573175083
2024-03-22,store_7,0.6685590872472521
2024-03-22,store_4,0.27594369495481436
2024-03-22,store_2,0.44223592331835043
2024-03-22,store_3,0.29158103746741265
2024-03-22,store_5,0.3158874538792795
2024-03-22,store_6,0.9210925273964973
2024-03-22,store_1,1.4289535207066704
2024-03-22,store_0,0.5146660258922032
2024-03-22,store_8,0.0
2024-03-23,store_7,0.0
2024-03-23,store_4,0.0
2024-03-23,store_2,0.0
2024-03-23,store_6,0.9531156173101829
2024-03-23,store_1,0.9505780679214292
2024-03-23,store_5,1.1414166253290976
2024-03-23,store_0,0.0
2024-03-23,store_3,0.10422124874467403
2024-03-23,store_8,0.0
2024-03-24,store_5,0.08607979941281832
2024-03-24,store_7,0.611614276192747
2024-03-24,store_0,1.336207655404968
2024-03-24,store_6,1.1600939688987473
2024-03-24,store_4,0.0
2024-03-24,store_3,0.0
2024-03-24,store_1,0.0
2024-03-24,store_8,0.09108565534882164
2024-03-24,store_2,0.6233281886403833
2024-03-25,store_2,1.399097726601413
2024-03-25,store_6,1.4838849035027417
2024-03-25,store_3,0.0
2024-03-25,store_1,0.0
2024-03-25,store_8,0.0
2024-03-25,store_4,0.0
2024-03-25,store_0,0.39771088066569593
2024-03-25,store_7,0.9436971643646779
2024-03-25,store_5,1.4042110619728674
2024-03-26,store_5,0.0
2024-03-26,store_2,0.33841898935419007
2024-03-26,store_7,0.0
2024-03-26,store_3,0.0
2024-03-26,store_6,0.018723006557912585
2024-03-26,store_1,0.8539189269771509
2024-03-26,store_4,1.2875987805940936
2024-03-26,store_8,0.0
2024-03-26,store_0,0.0
2024-03-27,store_3,0.0
2024-03-27,store_7,0.0
2024-03-27,store_1,0.0
2024-03-27,store_6,0.5622571819516968
2024-03-27,store_0,0.8009884947565084
2024-03-27,store_5,0.0
2024-03-27,store_4,0.0
2024-03-27,store_8,0.0
2024-03-27,store_2,0.0
2024-03-28,store_2,0.018255083143571285
2024-03-28,store_6,0.49952768417248067
2024-03-28,store_1,0.06601713693861178
2024-03-28,store_0,0.08812886677400286
2024-03-28,store_3,0.30313159557674874
2024-03-28,store_8,0.7436466150448107
2024-03-28,store_5,1.6488372496324804
2024-03-28,store_4,3.4118164480345374
2024-03-28,store_7,0.44792767821364426
2024-03-29,store_7,0.1363288582886823
2024-03-29,store_2,0.04093103742520122
2024-03-29,store_4,0.0
2024-03-29,store_3,0.0
2024-03-29,store_0,0.2757405368160844
2024-03-29,store_8,1.1589070459765443
2024-03-29,store_5,0.9287816413817185
2024-03-29,store_6,0.0
2024-03-29,store_1,0.0
2024-03-30,store_7,0.0
2024-03-30,store_0,0.0
2024-03-30,store_5,0.33226050208503954
2024-03-30,store_4,1.2222690485781587
2024-03-30,store_8,1.5265166566734343
2024-03-30,store_1,0.0
2024-03-30,store_6,0.0
2024-03-30,store_3,0.0
2024-03-30,store_2,0.0
2024-03-31,store_8,0.5284114626260356
2024-03-31,store_2,1.4789723632284775
2024-03-31,store_3,1.8977750646664224
2024-03-31,store_0,0.0
2024-03-31,store_4,0.0
2024-03-31,store_7,0.0
2024-03-31,store_6,0.0
2024-03-31,store_1,0.6268455842215637
2024-03-31,store_5,1.491196676993235
2024-04-01,store_8,0.5257373503774398
2024-04-01,store_4,0.0
2024-04-01,store_0,0.0
2024-04-01,store_6,0.0
2024-04-01,store_3,0.0
2024-04-01,store_5,0.26707118336588204
2024-04-01,store_7,1.3673664785774762
2024-04-01,store_1,1.0453384263760526
2024-04-02,store_1,0.0
2024-04-02,store_0,0.0
2024-04-02,store_8,0.0
2024-04-02,store_3,0.0
2024-04-02,store_4,0.5914905331302429
2024-04-02,store_7,1.7077848977642254
2024-04-02,store_5,1.7471913050661463
2024-04-02,store_6,0.0
2024-04-03,store_7,0.8197109165922578
2024-04-03,store_0,0.2590791057161383
2024-04-03,store_8,0.37647338833105154
2024-04-03,store_4,0.7060699163512498
2024-04-03,store_3,1.3223248904874014
2024-04-03,store_6,2.055616558268261
2024-04-03,store_1,0.0
2024-04-03,store_5,0.0
2024-04-04,store_3,0.2415978062615186
2024-04-04,store_8,0.0
2024-04-04,store_6,0.6944403504963127
2024-04-04,store_7,1.6185481786966458
2024-04-04,store_5,2.0903704119047384
2024-04-04,store_4,0.15891372653666658
2024-04-04,store_0,0.23255193510360417
2024-04-04,store_1,0.3874190308880909
2024-04-05,store_8,0.5809462553796626
2024-04-05,store_0,0.9001385463955062
2024-04-05,store_3,2.1421042213595034
2024-04-05,store_4,2.022773145311062
2024-04-05,store_5,0.13615640659269498
2024-04-05,store_7,0.2444495371574782
2024-04-05,store_6,1.6088211192106932
2024-04-05,store_1,0.23425370727252984
2024-04-06,store_6,0.7123857625595463
2024-04-06,store_5,1.571410171218127
2024-04-06,store_3,2.186587503743905
2024-04-06,store_1,0.3952281844897327
2024-04-06,store_8,0.39203247454296547
2024-04-06,store_0,0.28658560464615823
2024-04-06,store_4,0.5474152899168384
2024-04-06,store_7,0.7669574969436364
2024-04-07,store_7,1.2786273014531184
2024-04-07,store_5,1.4802672623722226
2024-04-07,store_6,0.37162257137505256
2024-04-07,store_8,0.2056488144176758
2024-04-07,store_3,0.44428182649041176
2024-04-07,store_0,0.5030633940818519
2024-04-07,store_4,0.6662599652120865
2024-04-07,store_1,1.5516581000478193
2024-04-08,store_5,1.824346364277885
2024-04-08,store_4,0.010970156524728745
2024-04-08,store_7,0.42431952740775747
2024-04-08,store_0,0.3911517112419561
2024-04-08,store_3,0.19271954390517074
2024-04-08,store_8,0.7904293690748393
2024-04-08,store_6,1.8782961917114156
2024-04-08,store_1,1.3957308024762023
2024-04-09,store_3,0.36282050148144157
2024-04-09,store_1,0.5756292450936932
2024-04-09,store_5,0.6938156818669114
2024-04-09,store_8,0.6656376322287746
2024-04-09,store_7,1.6352389293771425
2024-04-09,store_6,2.188615216253962
2024-04-09,store_0,1.0219075618151665
2024-04-09,store_4,0.4466472268228041
2024-04-10,store_1,0.42757583788931997
2024-04-10,store_3,0.33954081198008057
2024-04-10,store_6,0.49853052567833084
2024-04-10,store_5,0.7638881339909732
2024-04-10,store_7,1.4181936364004497
2024-04-10,store_8,1.7084507353717497
2024-04-10,store_4,0.22850007436913428
2024-04-10,store_0,0.24118060862936608
2024-04-11,store_4,0.20857953426298959
2024-04-11,store_6,0.5264419740582446
2024-04-11,store_1,0.7750822224908112
2024-04-11,store_3,1.1022021911973
2024-04-11,store_0,1.1939644069280884
2024-04-11,store_5,0.15388410269777317
2024-04-11,store_8,0.3180215209322582
2024-04-11,store_7,0.3183938442479225
2024-04-12,store_1,0.430237218307934
2024-04-12,store_3,0.8317685806222156
2024-04-12,store_4,1.5100001147633535
2024-04-12,store_0,1.2636728591343935
2024-04-12,store_7,1.409188685733954
2024-04-12,store_5,0.5103446809679142
2024-04-12,store_8,0.334526186357053
2024-04-12,store_6,0.27097454994081155
2024-04-13,store_7,0.601583900297485
2024-04-13,store_6,1.3951226131013346
2024-04-13,store_8,1.692551668326118
2024-04-13,store_3,0.0
2024-04-13,store_5,0.0
2024-04-13,store_4,0.02279057297006961
2024-04-13,store_1,0.0
2024-04-13,store_0,0.3903452185555884
2024-04-14,store_1,1.1733107191221084
2024-04-14,store_8,1.450137652186969
2024-04-14,store_3,0.031116232467036764
2024-04-14,store_4,0.0
2024-04-14,store_7,0.0
2024-04-14,store_5,0.3809872488692943
2024-04-14,store_0,0.6795015371866302
2024-04-14,store_6,0.6701995746892626
2024-04-15,store_8,0.6013883023680258
2024-04-15,store_0,0.0
2024-04-15,store_3,0.0
2024-04-15,store_7,0.0
2024-04-15,store_4,0.0
2024-04-15,store_1,0.16419227409271853
2024-04-15,store_5,0.6559253091872218
2024-04-15,store_6,0.24010619892224386
2024-04-16,store_6,0.27047257676963354
2024-04-16,store_0,0.0
2024-04-16,store_5,0.0
2024-04-16,store_3,0.0
2024-04-16,store_7,0.3285907112288756
2024-04-16,store_4,0.6476886186409516
2024-04-16,store_8,0.04666424255667808
2024-04-16,store_1,0.0
2024-04-17,store_0,0.0
2024-04-17,store_5,0.0
2024-04-17,store_3,0.0
2024-04-17,store_7,0.0
2024-04-17,store_4,0.17459982142051877
2024-04-17,store_6,0.15532969205141975
2024-04-17,store_1,0.0
2024-04-17,store_8,0.0
2024-04-18,store_5,0.0
2024-04-18,store_3,0.0
2024-04-18,store_4,0.3040821285493142
2024-04-18,store_6,0.5812122143538409
2024-04-18,store_1,0.1589242490718021
2024-04-18,store_0,0.0
2024-04-18,store_7,0.0
2024-04-18,store_8,0.0
2024-04-19,store_7,0.0
2024-04-19,store_0,0.15328528044575954
2024-04-19,store_5,0.4138074184542862
2024-04-19,store_3,0.19395546638955322
2024-04-19,store_1,0.0
2024-04-19,store_6,0.0
2024-04-19,store_8,0.10557433568406244
2024-04-19,store_4,0.0
2024-04-20,store_4,0.5307643362326974
2024-04-20,store_5,0.6771689611975752
2024-04-20,store_6,0.7447546384336678
2024-04-20,store_8,0.0
2024-04-20,store_7,0.0
2024-04-20,store_0,0.0
2024-04-20,store_3,0.0
2024-04-20,store_1,0.25036411177962803
2024-04-21,store_8,0.3073169117910999
2024-04-21,store_0,0.045617503304931875
2024-04-21,store_6,0.0
2024-04-21,store_4,0.0
2024-04-21,store_3,0.0
2024-04-21,store_5,0.0
2024-04-21,store_1,0.0776916410002981
2024-04-21,store_7,0.0
2024-04-22,store_5,0.0
2024-04-22,store_0,0.0
2024-04-22,store_1,0.0
2024-04-22,store_3,0.0
2024-04-22,store_7,0.0
2024-04-22,store_8,0.4145748239650067
2024-04-22,store_4,0.4033259869063622
2024-04-22,store_6,0.16440646489712374
2024-04-23,store_3,0.0
2024-04-23,store_5,0.0
2024-04-23,store_4,0.011365754413300897
2024-04-23,store_1,0.10858507449310512
2024-04-23,store_6,0.5167308403391114
2024-04-23,store_0,0.6388740853668821
2024-04-23,store_7,0.7770355166933812
2024-04-23,store_8,0.12755851304887786
2024-04-24,store_3,0.07473177850856716
2024-04-24,store_7,0.10482716569721452
2024-04-24,store_6,0.23347822175164412
2024-04-24,store_4,0.6283806697371841
2024-04-24,store_0,1.189273969956144
2024-04-24,store_8,1.2443470948175912
2024-04-24,store_5,0.0
2024-04-24,store_1,0.2693972058947561
2024-04-25,store_6,0.24226549321392887
2024-04-25,store_3,0.08667425049486899
2024-04-25,store_1,0.6244808067629696
2024-04-25,store_8,0.8484190334813865
2024-04-25,store_7,0.7327459036408669
2024-04-25,store_0,0.0
2024-04-25,store_5,0.0
2024-04-25,store_4,0.0
2024-04-26,store_0,0.0
2024-04-26,store_7,0.0
2024-04-26,store_6,0.0
2024-04-26,store_3,0.0
2024-04-26,store_8,0.0
2024-04-26,store_5,0.0
2024-04-26,store_4,0.0
2024-04-26,store_1,0.0
2024-04-27,store_4,0.0
2024-04-27,store_1,0.2560718477923943
2024-04-27,store_7,0.2438939573034908
2024-04-27,store_0,0.0
2024-04-27,store_6,0.0
2024-04-27,store_8,0.0
2024-04-27,store_5,0.0
2024-04-27,store_3,0.24885311696686618
2024-04-28,store_6,0.7575527182075752
2024-04-28,store_4,0.9116576520955842
2024-04-28,store_1,0.0
2024-04-28,store_3,0.0
2024-04-28,store_8,0.0
2024-04-28,store_7,0.0
2024-04-28,store_5,0.20811658237797243
2024-04-28,store_0,0.8222200027109219
2024-04-29,store_8,0.7195138322660058
2024-04-29,store_1,0.0
2024-04-29,store_5,0.0
2024-04-29,store_6,0.0
2024-04-29,store_7,0.14253555472908674
2024-04-29,store_0,0.20751196529593016
2024-04-29,store_4,0.5685008731329314
2024-04-29,store_3,0.3293595836717889
2024-04-30,store_3,0.0
2024-04-30,store_5,0.0
2024-04-30,store_6,0.0
2024-04-30,store_0,0.0
2024-04-30,store_8,0.5419540598682554
2024-04-30,store_7,0.8070282546678574
2024-04-30,store_1,0.9620564616524302
2024-04-30,store_4,0.0
2024-05-01,store_1,0.0
2024-05-01,store_5,0.08306485822724516
2024-05-01,store_7,0.0
2024-05-01,store_3,0.5484932030872306
2024-05-01,store_8,1.4357713427474694
2024-05-01,store_0,1.317989027766282
2024-05-01,store_6,0.0
2024-05-01,store_4,0.7337467274299296
2024-05-02,store_8,0.2759527206941336
2024-05-02,store_1,0.23131083206076147
2024-05-02,store_5,0.7108889327813334
2024-05-02,store_0,0.9453727407561853
2024-05-02,store_3,1.860564040562606
2024-05-02,store_4,0.0
2024-05-02,store_7,0.0
2024-05-02,store_6,0.0
2024-05-03,store_1,0.0
2024-05-03,store_0,0.0
2024-05-03,store_6,0.9297968918724333
2024-05-03,store_7,1.6911737002953786
2024-05-03,store_5,0.0
2024-05-03,store_3,0.34986180618077206
2024-05-03,store_8,0.214352595558689
2024-05-03,store_4,0.0
2024-05-04,store_5,0.2815565658898836
2024-05-04,store_7,1.0420735909488725
2024-05-04,store_4,1.151647619924912
2024-05-04,store_3,0.0
2024-05-04,store_8,0.0
2024-05-04,store_1,0.0
2024-05-04,store_6,0.06413328587936314
2024-05-04,store_0,0.4564095153200621
2024-05-05,store_0,0.4375135476641989
2024-05-05,store_7,0.19880930791315451
2024-05-05,store_4,0.0
2024-05-05,store_6,0.25851380875138563
2024-05-05,store_8,0.17233171926232607
2024-05-05,store_1,0.2289415099220203
2024-05-05,store_5,0.7303500399935594
2024-05-05,store_3,1.0881656457028503
2024-05-06,store_0,0.941920218970975
2024-05-06,store_6,0.0
2024-05-06,store_4,0.0
2024-05-06,store_1,0.0
2024-05-06,store_8,0.0
2024-05-06,store_7,0.4015694441962872
2024-05-06,store_5,1.1318991906942864
2024-05-06,store_3,1.5528153417432848
2024-05-07,store_1,0.0
2024-05-07,store_8,0.0
2024-05-07,store_4,0.0
2024-05-07,store_6,0.0
2024-05-07,store_7,0.4259834219268107
2024-05-07,store_5,1.1378520400977
2024-05-07,store_0,1.1223790338267807
2024-05-07,store_3,0.0
2024-05-08,store_4,0.0
2024-05-08,store_7,0.0
2024-05-08,store_1,0.0
2024-05-08,store_0,0.23002623368544928
2024-05-08,store_3,0.8833193192607608
2024-05-08,store_5,1.2567846280807475
2024-05-08,store_6,0.0
2024-05-08,store_8,0.0
2024-05-09,store_7,0.0
2024-05-09,store_8,0.0
2024-05-09,store_1,0.012518569085166043
2024-05-09,store_6,0.37158541758077834
2024-05-09,store_5,0.5698859336303052
2024-05-09,store_3,0.0
2024-05-09,store_0,0.0
2024-05-09,store_4,0.056358999833284344
2024-05-10,store_5,0.0
2024-05-10,store_6,0.0
2024-05-10,store_0,0.27955753075204426
2024-05-10,store_7,0.06827968668823968
2024-05-10,store_8,0.0
2024-05-10,store_4,0.0
2024-05-10,store_1,0.0
2024-05-10,store_3,0.0
2024-05-11,store_0,0.0
2024-05-11,store_3,0.0
2024-05-11,store_1,0.0
2024-05-11,store_6,0.0
2024-05-11,store_5,0.0
2024-05-11,store_7,0.0
2024-05-11,store_4,0.0
2024-05-11,store_8,0.0
2024-05-12,store_3,0.0
2024-05-12,store_8,0.0
2024-05-12,store_0,0.01848343086382261
2024-05-12,store_5,0.0
2024-05-12,store_7,0.0
2024-05-12,store_6,0.40109174660515046
2024-05-12,store_1,0.3891533374952544
2024-05-12,store_4,0.6816972045156795
2024-05-13,store_4,0.19977713892457433
2024-05-13,store_8,0.0
2024-05-13,store_1,0.0
2024-05-13,store_6,0.0
2024-05-13,store_5,0.0
2024-05-13,store_7,0.2181810629420479
2024-05-13,store_3,0.0
2024-05-13,store_0,0.0
2024-05-14,store_4,0.0
2024-05-14,store_8,0.0
2024-05-14,store_7,0.0
2024-05-14,store_0,0.0
2024-05-14,store_5,0.18299889342565362
2024-05-14,store_6,0.04591101567727137
2024-05-14,store_1,0.0
2024-05-14,store_3,0.0
2024-05-15,store_0,0.0
2024-05-15,store_7,0.0
2024-05-15,store_3,0.00866418881936805
2024-05-15,store_6,0.28057228087259517
2024-05-15,store_1,0.03822965180238685
2024-05-15,store_8,0.0
2024-05-15,store_4,0.0
2024-05-15,store_5,0.0
2024-05-16,store_5,0.0
2024-05-16,store_4,0.0
2024-05-16,store_7,0.4899381697209164
2024-05-16,store_1,0.21927228935456405
2024-05-16,store_0,0.0
2024-05-16,store_6,0.0
2024-05-16,store_8,0.0
2024-05-16,store_3,0.0
2024-05-17,store_4,0.0
2024-05-17,store_0,0.00850202695845426
2024-05-17,store_8,0.0
2024-05-17,store_1,0.0
2024-05-17,store_7,0.0
2024-05-17,store_3,0.0
2024-05-17,store_5,0.225511092579198
2024-05-17,store_6,0.25350888789702036
2024-05-18,store_4,0.3223212927154897
2024-05-18,store_5,0.0
2024-05-18,store_1,0.24214431401603875
2024-05-18,store_3,0.7041984760321185
2024-05-18,store_6,0.08481132900018964
2024-05-18,store_7,0.0
2024-05-18,store_8,0.0
2024-05-18,store_0,0.21128812828134338
2024-05-19,store_0,0.0
2024-05-19,store_3,0.0
2024-05-19,store_1,0.0
2024-05-19,store_8,0.0
2024-05-19,store_4,0.0
2024-05-19,store_5,0.0
2024-05-19,store_6,0.3871677922905353
2024-05-19,store_7,0.042922910080560615
2024-05-20,store_6,0.0
2024-05-20,store_5,0.0
2024-05-20,store_0,0.0
2024-05-20,store_1,0.0
2024-05-20,store_4,0.0
2024-05-20,store_8,0.283540972719816
2024-05-20,store_3,0.0577996397814541
2024-05-20,store_7,0.0
2024-05-21,store_3,0.0
2024-05-21,store_0,0.0
2024-05-21,store_1,0.1821467592881033
2024-05-21,store_7,0.5357852440444896
2024-05-21,store_4,0.3333563555433336
2024-05-21,store_5,0.007730774605929578
2024-05-21,store_6,0.0
2024-05-21,store_8,0.0
2024-05-22,store_0,0.0
2024-05-22,store_6,0.0
2024-05-22,store_8,0.0
2024-05-22,store_7,0.16231678719118298
2024-05-22,store_1,0.2640882324207255
2024-05-22,store_4,0.019060901196070776
2024-05-22,store_3,0.0
2024-05-22,store_5,0.0
2024-05-23,store_5,0.0
2024-05-23,store_3,0.0
2024-05-23,store_7,0.27778358089882377
2024-05-23,store_1,0.0021713448385628797
2024-05-23,store_0,0.0
2024-05-23,store_4,0.0
2024-05-23,store_8,0.0
2024-05-23,store_6,0.15821581005203003
2024-05-24,store_4,0.17266224366707775
2024-05-24,store_7,0.28374053390676907
2024-05-24,store_0,0.018694678262020842
2024-05-24,store_5,0.1478552614343655
2024-05-24,store_1,0.0
2024-05-24,store_8,0.0
2024-05-24,store_3,0.0
2024-05-24,store_6,0.0
2024-05-25,store_7,0.022450234734402885
2024-05-25,store_6,0.0
2024-05-25,store_0,0.0
2024-05-25,store_3,0.0
2024-05-25,store_5,0.0
2024-05-25,store_1,0.0
2024-05-25,store_4,0.0
2024-05-25,store_8,0.0
2024-05-26,store_7,0.022817229134192117
2024-05-26,store_1,0.0
2024-05-26,store_8,0.0
2024-05-26,store_4,0.0
2024-05-26,store_3,0.0
2024-05-26,store_0,0.0
2024-05-26,store_6,0.2789747812024121
2024-05-26,store_5,0.09715900787716711
2024-05-27,store_8,0.0
2024-05-27,store_1,0.0
2024-05-27,store_5,0.0
2024-05-27,store_0,0.0
2024-05-27,store_7,0.05487167329924032
2024-05-27,store_6,0.14707858066200372
2024-05-27,store_3,0.0
2024-05-27,store_4,0.0
2024-05-28,store_6,0.0
2024-05-28,store_3,0.25333942145822663
2024-05-28,store_1,0.0
2024-05-28,store_7,0.0
2024-05-28,store_4,0.2148545411608053
2024-05-28,store_0,0.0
2024-05-28,store_5,0.0
2024-05-28,store_8,0.0
2024-05-29,store_8,0.0
2024-05-29,store_0,0.4317221608196861
2024-05-29,store_5,0.0
2024-05-29,store_4,0.2879017700661113
2024-05-29,store_3,0.0
2024-05-29,store_7,0.0
2024-05-29,store_1,0.0
2024-05-29,store_6,0.0
2024-05-30,store_7,0.0
2024-05-30,store_0,0.0
2024-05-30,store_5,0.28320871396415837
2024-05-30,store_1,0.0
2024-05-30,store_4,0.3956770841316867
2024-05-30,store_8,0.0
2024-05-30,store_6,0.0
2024-05-30,store_3,0.0
2024-05-31,store_1,0.0
2024-05-31,store_5,0.10569352101535755
2024-05-31,store_0,0.0
2024-05-31,store_3,0.0
2024-05-31,store_4,0.0
2024-05-31,store_7,0.0
2024-05-31,store_6,0.0
2024-05-31,store_8,0.0
